"Label (Grouping)","Alabama!!Total!!Estimate","Alabama!!Total!!Margin of Error","Alabama!!Households receiving food stamps!!Estimate","Alabama!!Households receiving food stamps!!Margin of Error","Alabama!!Households not receiving food stamps!!Estimate","Alabama!!Households not receiving food stamps!!Margin of Error","Alaska!!Total!!Estimate","Alaska!!Total!!Margin of Error","Alaska!!Households receiving food stamps!!Estimate","Alaska!!Households receiving food stamps!!Margin of Error","Alaska!!Households not receiving food stamps!!Estimate","Alaska!!Households not receiving food stamps!!Margin of Error","Arizona!!Total!!Estimate","Arizona!!Total!!Margin of Error","Arizona!!Households receiving food stamps!!Estimate","Arizona!!Households receiving food stamps!!Margin of Error","Arizona!!Households not receiving food stamps!!Estimate","Arizona!!Households not receiving food stamps!!Margin of Error","Arkansas!!Total!!Estimate","Arkansas!!Total!!Margin of Error","Arkansas!!Households receiving food stamps!!Estimate","Arkansas!!Households receiving food stamps!!Margin of Error","Arkansas!!Households not receiving food stamps!!Estimate","Arkansas!!Households not receiving food stamps!!Margin of Error","California!!Total!!Estimate","California!!Total!!Margin of Error","California!!Households receiving food stamps!!Estimate","California!!Households receiving food stamps!!Margin of Error","California!!Households not receiving food stamps!!Estimate","California!!Households not receiving food stamps!!Margin of Error","Colorado!!Total!!Estimate","Colorado!!Total!!Margin of Error","Colorado!!Households receiving food stamps!!Estimate","Colorado!!Households receiving food stamps!!Margin of Error","Colorado!!Households not receiving food stamps!!Estimate","Colorado!!Households not receiving food stamps!!Margin of Error","Connecticut!!Total!!Estimate","Connecticut!!Total!!Margin of Error","Connecticut!!Households receiving food stamps!!Estimate","Connecticut!!Households receiving food stamps!!Margin of Error","Connecticut!!Households not receiving food stamps!!Estimate","Connecticut!!Households not receiving food stamps!!Margin of Error","Delaware!!Total!!Estimate","Delaware!!Total!!Margin of Error","Delaware!!Households receiving food stamps!!Estimate","Delaware!!Households receiving food stamps!!Margin of Error","Delaware!!Households not receiving food stamps!!Estimate","Delaware!!Households not receiving food stamps!!Margin of Error","District of Columbia!!Total!!Estimate","District of Columbia!!Total!!Margin of Error","District of Columbia!!Households receiving food stamps!!Estimate","District of Columbia!!Households receiving food stamps!!Margin of Error","District of Columbia!!Households not receiving food stamps!!Estimate","District of Columbia!!Households not receiving food stamps!!Margin of Error","Florida!!Total!!Estimate","Florida!!Total!!Margin of Error","Florida!!Households receiving food stamps!!Estimate","Florida!!Households receiving food stamps!!Margin of Error","Florida!!Households not receiving food stamps!!Estimate","Florida!!Households not receiving food stamps!!Margin of Error","Georgia!!Total!!Estimate","Georgia!!Total!!Margin of Error","Georgia!!Households receiving food stamps!!Estimate","Georgia!!Households receiving food stamps!!Margin of Error","Georgia!!Households not receiving food stamps!!Estimate","Georgia!!Households not receiving food stamps!!Margin of Error","Hawaii!!Total!!Estimate","Hawaii!!Total!!Margin of Error","Hawaii!!Households receiving food stamps!!Estimate","Hawaii!!Households receiving food stamps!!Margin of Error","Hawaii!!Households not receiving food stamps!!Estimate","Hawaii!!Households not receiving food stamps!!Margin of Error","Idaho!!Total!!Estimate","Idaho!!Total!!Margin of Error","Idaho!!Households receiving food stamps!!Estimate","Idaho!!Households receiving food stamps!!Margin of Error","Idaho!!Households not receiving food stamps!!Estimate","Idaho!!Households not receiving food stamps!!Margin of Error","Illinois!!Total!!Estimate","Illinois!!Total!!Margin of Error","Illinois!!Households receiving food stamps!!Estimate","Illinois!!Households receiving food stamps!!Margin of Error","Illinois!!Households not receiving food stamps!!Estimate","Illinois!!Households not receiving food stamps!!Margin of Error","Indiana!!Total!!Estimate","Indiana!!Total!!Margin of Error","Indiana!!Households receiving food stamps!!Estimate","Indiana!!Households receiving food stamps!!Margin of Error","Indiana!!Households not receiving food stamps!!Estimate","Indiana!!Households not receiving food stamps!!Margin of Error","Iowa!!Total!!Estimate","Iowa!!Total!!Margin of Error","Iowa!!Households receiving food stamps!!Estimate","Iowa!!Households receiving food stamps!!Margin of Error","Iowa!!Households not receiving food stamps!!Estimate","Iowa!!Households not receiving food stamps!!Margin of Error","Kansas!!Total!!Estimate","Kansas!!Total!!Margin of Error","Kansas!!Households receiving food stamps!!Estimate","Kansas!!Households receiving food stamps!!Margin of Error","Kansas!!Households not receiving food stamps!!Estimate","Kansas!!Households not receiving food stamps!!Margin of Error","Kentucky!!Total!!Estimate","Kentucky!!Total!!Margin of Error","Kentucky!!Households receiving food stamps!!Estimate","Kentucky!!Households receiving food stamps!!Margin of Error","Kentucky!!Households not receiving food stamps!!Estimate","Kentucky!!Households not receiving food stamps!!Margin of Error","Louisiana!!Total!!Estimate","Louisiana!!Total!!Margin of Error","Louisiana!!Households receiving food stamps!!Estimate","Louisiana!!Households receiving food stamps!!Margin of Error","Louisiana!!Households not receiving food stamps!!Estimate","Louisiana!!Households not receiving food stamps!!Margin of Error","Maine!!Total!!Estimate","Maine!!Total!!Margin of Error","Maine!!Households receiving food stamps!!Estimate","Maine!!Households receiving food stamps!!Margin of Error","Maine!!Households not receiving food stamps!!Estimate","Maine!!Households not receiving food stamps!!Margin of Error","Maryland!!Total!!Estimate","Maryland!!Total!!Margin of Error","Maryland!!Households receiving food stamps!!Estimate","Maryland!!Households receiving food stamps!!Margin of Error","Maryland!!Households not receiving food stamps!!Estimate","Maryland!!Households not receiving food stamps!!Margin of Error","Massachusetts!!Total!!Estimate","Massachusetts!!Total!!Margin of Error","Massachusetts!!Households receiving food stamps!!Estimate","Massachusetts!!Households receiving food stamps!!Margin of Error","Massachusetts!!Households not receiving food stamps!!Estimate","Massachusetts!!Households not receiving food stamps!!Margin of Error","Michigan!!Total!!Estimate","Michigan!!Total!!Margin of Error","Michigan!!Households receiving food stamps!!Estimate","Michigan!!Households receiving food stamps!!Margin of Error","Michigan!!Households not receiving food stamps!!Estimate","Michigan!!Households not receiving food stamps!!Margin of Error","Minnesota!!Total!!Estimate","Minnesota!!Total!!Margin of Error","Minnesota!!Households receiving food stamps!!Estimate","Minnesota!!Households receiving food stamps!!Margin of Error","Minnesota!!Households not receiving food stamps!!Estimate","Minnesota!!Households not receiving food stamps!!Margin of Error","Mississippi!!Total!!Estimate","Mississippi!!Total!!Margin of Error","Mississippi!!Households receiving food stamps!!Estimate","Mississippi!!Households receiving food stamps!!Margin of Error","Mississippi!!Households not receiving food stamps!!Estimate","Mississippi!!Households not receiving food stamps!!Margin of Error","Missouri!!Total!!Estimate","Missouri!!Total!!Margin of Error","Missouri!!Households receiving food stamps!!Estimate","Missouri!!Households receiving food stamps!!Margin of Error","Missouri!!Households not receiving food stamps!!Estimate","Missouri!!Households not receiving food stamps!!Margin of Error","Montana!!Total!!Estimate","Montana!!Total!!Margin of Error","Montana!!Households receiving food stamps!!Estimate","Montana!!Households receiving food stamps!!Margin of Error","Montana!!Households not receiving food stamps!!Estimate","Montana!!Households not receiving food stamps!!Margin of Error","Nebraska!!Total!!Estimate","Nebraska!!Total!!Margin of Error","Nebraska!!Households receiving food stamps!!Estimate","Nebraska!!Households receiving food stamps!!Margin of Error","Nebraska!!Households not receiving food stamps!!Estimate","Nebraska!!Households not receiving food stamps!!Margin of Error","Nevada!!Total!!Estimate","Nevada!!Total!!Margin of Error","Nevada!!Households receiving food stamps!!Estimate","Nevada!!Households receiving food stamps!!Margin of Error","Nevada!!Households not receiving food stamps!!Estimate","Nevada!!Households not receiving food stamps!!Margin of Error","New Hampshire!!Total!!Estimate","New Hampshire!!Total!!Margin of Error","New Hampshire!!Households receiving food stamps!!Estimate","New Hampshire!!Households receiving food stamps!!Margin of Error","New Hampshire!!Households not receiving food stamps!!Estimate","New Hampshire!!Households not receiving food stamps!!Margin of Error","New Jersey!!Total!!Estimate","New Jersey!!Total!!Margin of Error","New Jersey!!Households receiving food stamps!!Estimate","New Jersey!!Households receiving food stamps!!Margin of Error","New Jersey!!Households not receiving food stamps!!Estimate","New Jersey!!Households not receiving food stamps!!Margin of Error","New Mexico!!Total!!Estimate","New Mexico!!Total!!Margin of Error","New Mexico!!Households receiving food stamps!!Estimate","New Mexico!!Households receiving food stamps!!Margin of Error","New Mexico!!Households not receiving food stamps!!Estimate","New Mexico!!Households not receiving food stamps!!Margin of Error","New York!!Total!!Estimate","New York!!Total!!Margin of Error","New York!!Households receiving food stamps!!Estimate","New York!!Households receiving food stamps!!Margin of Error","New York!!Households not receiving food stamps!!Estimate","New York!!Households not receiving food stamps!!Margin of Error","North Carolina!!Total!!Estimate","North Carolina!!Total!!Margin of Error","North Carolina!!Households receiving food stamps!!Estimate","North Carolina!!Households receiving food stamps!!Margin of Error","North Carolina!!Households not receiving food stamps!!Estimate","North Carolina!!Households not receiving food stamps!!Margin of Error","North Dakota!!Total!!Estimate","North Dakota!!Total!!Margin of Error","North Dakota!!Households receiving food stamps!!Estimate","North Dakota!!Households receiving food stamps!!Margin of Error","North Dakota!!Households not receiving food stamps!!Estimate","North Dakota!!Households not receiving food stamps!!Margin of Error","Ohio!!Total!!Estimate","Ohio!!Total!!Margin of Error","Ohio!!Households receiving food stamps!!Estimate","Ohio!!Households receiving food stamps!!Margin of Error","Ohio!!Households not receiving food stamps!!Estimate","Ohio!!Households not receiving food stamps!!Margin of Error","Oklahoma!!Total!!Estimate","Oklahoma!!Total!!Margin of Error","Oklahoma!!Households receiving food stamps!!Estimate","Oklahoma!!Households receiving food stamps!!Margin of Error","Oklahoma!!Households not receiving food stamps!!Estimate","Oklahoma!!Households not receiving food stamps!!Margin of Error","Oregon!!Total!!Estimate","Oregon!!Total!!Margin of Error","Oregon!!Households receiving food stamps!!Estimate","Oregon!!Households receiving food stamps!!Margin of Error","Oregon!!Households not receiving food stamps!!Estimate","Oregon!!Households not receiving food stamps!!Margin of Error","Pennsylvania!!Total!!Estimate","Pennsylvania!!Total!!Margin of Error","Pennsylvania!!Households receiving food stamps!!Estimate","Pennsylvania!!Households receiving food stamps!!Margin of Error","Pennsylvania!!Households not receiving food stamps!!Estimate","Pennsylvania!!Households not receiving food stamps!!Margin of Error","Rhode Island!!Total!!Estimate","Rhode Island!!Total!!Margin of Error","Rhode Island!!Households receiving food stamps!!Estimate","Rhode Island!!Households receiving food stamps!!Margin of Error","Rhode Island!!Households not receiving food stamps!!Estimate","Rhode Island!!Households not receiving food stamps!!Margin of Error","South Carolina!!Total!!Estimate","South Carolina!!Total!!Margin of Error","South Carolina!!Households receiving food stamps!!Estimate","South Carolina!!Households receiving food stamps!!Margin of Error","South Carolina!!Households not receiving food stamps!!Estimate","South Carolina!!Households not receiving food stamps!!Margin of Error","South Dakota!!Total!!Estimate","South Dakota!!Total!!Margin of Error","South Dakota!!Households receiving food stamps!!Estimate","South Dakota!!Households receiving food stamps!!Margin of Error","South Dakota!!Households not receiving food stamps!!Estimate","South Dakota!!Households not receiving food stamps!!Margin of Error","Tennessee!!Total!!Estimate","Tennessee!!Total!!Margin of Error","Tennessee!!Households receiving food stamps!!Estimate","Tennessee!!Households receiving food stamps!!Margin of Error","Tennessee!!Households not receiving food stamps!!Estimate","Tennessee!!Households not receiving food stamps!!Margin of Error","Texas!!Total!!Estimate","Texas!!Total!!Margin of Error","Texas!!Households receiving food stamps!!Estimate","Texas!!Households receiving food stamps!!Margin of Error","Texas!!Households not receiving food stamps!!Estimate","Texas!!Households not receiving food stamps!!Margin of Error","Utah!!Total!!Estimate","Utah!!Total!!Margin of Error","Utah!!Households receiving food stamps!!Estimate","Utah!!Households receiving food stamps!!Margin of Error","Utah!!Households not receiving food stamps!!Estimate","Utah!!Households not receiving food stamps!!Margin of Error","Vermont!!Total!!Estimate","Vermont!!Total!!Margin of Error","Vermont!!Households receiving food stamps!!Estimate","Vermont!!Households receiving food stamps!!Margin of Error","Vermont!!Households not receiving food stamps!!Estimate","Vermont!!Households not receiving food stamps!!Margin of Error","Virginia!!Total!!Estimate","Virginia!!Total!!Margin of Error","Virginia!!Households receiving food stamps!!Estimate","Virginia!!Households receiving food stamps!!Margin of Error","Virginia!!Households not receiving food stamps!!Estimate","Virginia!!Households not receiving food stamps!!Margin of Error","Washington!!Total!!Estimate","Washington!!Total!!Margin of Error","Washington!!Households receiving food stamps!!Estimate","Washington!!Households receiving food stamps!!Margin of Error","Washington!!Households not receiving food stamps!!Estimate","Washington!!Households not receiving food stamps!!Margin of Error","West Virginia!!Total!!Estimate","West Virginia!!Total!!Margin of Error","West Virginia!!Households receiving food stamps!!Estimate","West Virginia!!Households receiving food stamps!!Margin of Error","West Virginia!!Households not receiving food stamps!!Estimate","West Virginia!!Households not receiving food stamps!!Margin of Error","Wisconsin!!Total!!Estimate","Wisconsin!!Total!!Margin of Error","Wisconsin!!Households receiving food stamps!!Estimate","Wisconsin!!Households receiving food stamps!!Margin of Error","Wisconsin!!Households not receiving food stamps!!Estimate","Wisconsin!!Households not receiving food stamps!!Margin of Error","Wyoming!!Total!!Estimate","Wyoming!!Total!!Margin of Error","Wyoming!!Households receiving food stamps!!Estimate","Wyoming!!Households receiving food stamps!!Margin of Error","Wyoming!!Households not receiving food stamps!!Estimate","Wyoming!!Households not receiving food stamps!!Margin of Error","Puerto Rico!!Total!!Estimate","Puerto Rico!!Total!!Margin of Error","Puerto Rico!!Households receiving food stamps!!Estimate","Puerto Rico!!Households receiving food stamps!!Margin of Error","Puerto Rico!!Households not receiving food stamps!!Estimate","Puerto Rico!!Households not receiving food stamps!!Margin of Error"
"Households","1,822,439","±11,200","283,047","±7,581","1,539,392","±11,859","246,015","±2,720","24,098","±1,853","221,917","±3,164","2,400,809","±11,557","323,485","±7,641","2,077,324","±11,851","1,125,899","±6,925","172,725","±6,435","953,174","±8,189","12,650,592","±16,944","1,192,254","±17,617","11,458,338","±23,729","2,002,800","±8,550","172,179","±6,718","1,830,621","±9,817","1,339,860","±7,005","165,367","±5,592","1,174,493","±7,921","339,071","±3,144","46,663","±3,062","292,408","±3,767","271,651","±3,228","42,612","±2,327","229,039","±3,443","7,211,584","±26,752","1,089,738","±15,353","6,121,846","±26,844","3,546,965","±15,286","575,317","±10,489","2,971,648","±15,364","450,120","±4,406","51,033","±3,610","399,087","±5,094","588,489","±5,467","76,343","±5,069","512,146","±6,084","4,783,421","±13,914","645,686","±12,230","4,137,735","±17,095","2,498,395","±10,688","326,546","±9,256","2,171,849","±12,084","1,236,209","±7,287","150,086","±5,354","1,086,123","±8,394","1,113,729","±6,143","113,599","±3,555","1,000,130","±6,972","1,705,623","±9,376","297,015","±6,875","1,408,608","±10,898","1,728,149","±9,677","297,204","±7,881","1,430,945","±10,783","547,686","±5,711","98,315","±4,211","449,371","±6,231","2,161,680","±8,942","239,645","±7,580","1,922,035","±10,783","2,536,321","±9,232","328,341","±8,043","2,207,980","±10,976","3,832,466","±10,485","646,039","±9,757","3,186,427","±14,000","2,119,954","±6,871","195,586","±6,210","1,924,368","±9,497","1,091,002","±7,807","211,825","±7,552","879,177","±8,642","2,362,853","±9,949","324,821","±9,273","2,038,032","±11,539","406,288","±3,840","43,452","±2,783","362,836","±3,631","730,579","±4,441","66,301","±3,752","664,278","±5,562","1,002,571","±7,173","118,435","±5,205","884,136","±6,631","519,246","±4,617","44,416","±3,103","474,830","±4,923","3,176,139","±9,966","304,679","±8,069","2,871,460","±11,931","753,507","±6,087","125,837","±5,234","627,670","±7,100","7,219,356","±14,194","1,140,999","±15,774","6,078,357","±21,383","3,757,480","±13,443","552,763","±10,612","3,204,717","±15,480","298,298","±2,835","22,804","±2,117","275,494","±3,480","4,564,745","±13,440","703,718","±11,624","3,861,027","±17,754","1,447,277","±6,526","207,384","±5,309","1,239,893","±7,182","1,523,799","±7,789","301,792","±7,652","1,222,007","±9,025","4,938,894","±14,403","618,259","±12,305","4,320,635","±16,888","406,366","±4,030","64,824","±4,005","341,542","±5,059","1,794,989","±10,191","278,940","±8,577","1,516,049","±11,588","331,406","±2,992","41,495","±2,466","289,911","±3,805","2,490,249","±12,758","427,578","±9,861","2,062,671","±14,922","9,110,853","±20,640","1,280,310","±20,592","7,830,543","±27,869","899,475","±5,032","80,598","±3,704","818,877","±6,011","253,234","±2,792","37,409","±2,249","215,825","±3,320","3,055,863","±11,608","304,551","±7,622","2,751,312","±13,589","2,644,557","±11,069","390,879","±9,885","2,253,678","±13,313","738,653","±5,969","119,413","±5,318","619,240","±7,067","2,289,424","±8,727","304,542","±6,621","1,984,882","±9,628","224,003","±3,223","13,168","±1,654","210,835","±3,578","1,253,690","±9,187","472,819","±9,059","780,871","±10,070"
"With one or more people 60 years and over","37.8%","±0.3","25.9%","±1.4","40.0%","±0.4","29.2%","±0.9","25.3%","±3.0","29.6%","±1.0","38.2%","±0.3","24.5%","±1.1","40.3%","±0.3","37.9%","±0.4","24.4%","±1.7","40.3%","±0.5","35.7%","±0.2","21.8%","±0.7","37.2%","±0.2","32.4%","±0.3","23.7%","±1.4","33.2%","±0.3","38.1%","±0.4","32.3%","±1.6","38.9%","±0.4","40.5%","±0.8","26.1%","±3.1","42.8%","±1.0","28.4%","±0.8","30.4%","±3.0","28.0%","±0.9","43.4%","±0.2","34.3%","±0.6","45.0%","±0.2","32.7%","±0.3","25.6%","±0.9","34.1%","±0.3","42.7%","±0.6","40.4%","±3.1","43.0%","±0.7","36.0%","±0.6","19.9%","±2.3","38.5%","±0.8","35.3%","±0.2","26.7%","±0.7","36.6%","±0.2","35.2%","±0.3","21.6%","±1.0","37.3%","±0.3","36.4%","±0.3","19.8%","±1.3","38.7%","±0.4","34.7%","±0.3","22.1%","±1.7","36.2%","±0.4","36.3%","±0.4","25.1%","±1.1","38.7%","±0.4","34.6%","±0.4","27.2%","±1.1","36.2%","±0.4","40.9%","±0.6","28.5%","±1.9","43.6%","±0.8","35.7%","±0.3","28.9%","±1.4","36.6%","±0.3","37.1%","±0.3","35.2%","±1.2","37.4%","±0.3","37.5%","±0.2","26.0%","±0.8","39.9%","±0.3","34.3%","±0.2","23.8%","±1.4","35.4%","±0.3","37.3%","±0.5","25.3%","±1.6","40.2%","±0.7","36.4%","±0.3","25.3%","±1.1","38.2%","±0.3","39.2%","±0.7","23.9%","±3.0","41.0%","±0.8","34.3%","±0.4","21.1%","±2.3","35.6%","±0.4","35.7%","±0.4","27.9%","±1.9","36.8%","±0.4","37.5%","±0.6","24.7%","±2.9","38.7%","±0.7","38.0%","±0.3","33.7%","±1.4","38.5%","±0.3","38.6%","±0.6","26.4%","±1.9","41.0%","±0.7","37.6%","±0.2","37.8%","±0.6","37.6%","±0.2","35.5%","±0.3","27.9%","±0.9","36.8%","±0.3","32.2%","±0.8","19.7%","±3.3","33.2%","±0.8","36.9%","±0.2","25.7%","±0.7","38.9%","±0.2","35.4%","±0.3","24.6%","±1.2","37.2%","±0.4","38.6%","±0.3","26.9%","±1.1","41.5%","±0.4","39.6%","±0.2","29.3%","±0.9","41.0%","±0.2","37.9%","±0.7","31.4%","±2.9","39.1%","±0.8","38.4%","±0.3","26.9%","±1.4","40.5%","±0.4","35.4%","±0.7","23.6%","±2.6","37.1%","±0.8","36.6%","±0.3","27.0%","±1.0","38.6%","±0.4","31.5%","±0.1","25.5%","±0.7","32.4%","±0.1","29.8%","±0.4","23.7%","±2.3","30.5%","±0.4","40.0%","±0.7","31.6%","±3.2","41.4%","±1.0","35.1%","±0.3","28.7%","±1.1","35.8%","±0.3","35.1%","±0.3","26.8%","±1.1","36.5%","±0.3","41.5%","±0.5","25.2%","±2.0","44.6%","±0.7","35.6%","±0.3","23.7%","±0.8","37.5%","±0.3","34.8%","±1.0","26.4%","±5.6","35.3%","±1.1","43.8%","±0.4","45.5%","±1.1","42.7%","±0.7"
"With children under 18 years","31.3%","±0.5","53.6%","±1.5","27.2%","±0.6","34.7%","±1.1","56.2%","±3.7","32.4%","±1.3","31.6%","±0.4","60.0%","±1.6","27.2%","±0.4","31.8%","±0.7","52.9%","±1.9","28.0%","±0.7","35.6%","±0.2","71.4%","±0.7","31.9%","±0.2","32.0%","±0.4","57.8%","±1.9","29.6%","±0.5","31.5%","±0.6","45.1%","±1.9","29.6%","±0.6","30.3%","±1.2","55.8%","±4.0","26.2%","±1.3","22.1%","±1.1","47.1%","±4.0","17.4%","±1.1","27.7%","±0.2","48.8%","±0.8","23.9%","±0.3","34.7%","±0.4","56.7%","±1.0","30.5%","±0.4","32.9%","±1.0","53.6%","±3.0","30.2%","±1.0","34.9%","±0.8","57.7%","±3.0","31.5%","±0.8","32.1%","±0.3","53.1%","±0.8","28.9%","±0.3","32.2%","±0.3","56.8%","±1.2","28.5%","±0.4","30.0%","±0.5","52.6%","±1.8","26.8%","±0.5","32.8%","±0.6","53.8%","±2.4","30.4%","±0.6","31.5%","±0.5","48.9%","±1.3","27.8%","±0.5","32.7%","±0.6","51.3%","±1.6","28.8%","±0.6","25.6%","±0.8","41.2%","±2.2","22.2%","±0.8","33.0%","±0.5","54.0%","±1.6","30.4%","±0.5","30.4%","±0.5","43.6%","±1.4","28.4%","±0.5","30.0%","±0.3","48.0%","±1.1","26.3%","±0.3","31.1%","±0.3","51.9%","±1.5","29.0%","±0.4","34.0%","±0.6","58.0%","±1.8","28.2%","±0.7","30.5%","±0.4","53.4%","±1.5","26.9%","±0.4","28.3%","±0.9","52.5%","±3.6","25.4%","±1.0","31.3%","±0.6","57.6%","±2.9","28.7%","±0.6","32.3%","±0.7","53.8%","±1.9","29.4%","±0.7","30.5%","±1.1","51.5%","±4.1","28.5%","±1.1","34.1%","±0.3","53.1%","±1.7","32.1%","±0.3","32.0%","±0.8","56.8%","±2.1","27.1%","±0.8","30.7%","±0.2","45.4%","±0.7","28.0%","±0.2","31.4%","±0.3","52.8%","±1.1","27.7%","±0.3","28.4%","±1.0","50.7%","±4.4","26.6%","±1.1","30.1%","±0.3","50.2%","±1.0","26.5%","±0.3","32.5%","±0.5","54.5%","±1.3","28.8%","±0.5","29.3%","±0.4","46.5%","±1.3","25.1%","±0.5","28.3%","±0.2","48.4%","±1.1","25.4%","±0.3","29.5%","±1.0","45.4%","±3.0","26.4%","±1.2","30.9%","±0.5","54.1%","±1.6","26.6%","±0.5","31.3%","±0.9","55.6%","±3.3","27.8%","±0.9","31.0%","±0.4","52.1%","±1.4","26.7%","±0.5","37.6%","±0.2","65.8%","±0.7","33.0%","±0.3","42.9%","±0.7","64.1%","±2.8","40.8%","±0.7","25.9%","±0.9","43.2%","±3.4","22.9%","±0.8","32.4%","±0.4","54.0%","±1.5","30.0%","±0.4","31.1%","±0.4","49.4%","±1.3","27.9%","±0.4","27.5%","±0.7","50.8%","±2.4","23.0%","±0.8","29.3%","±0.3","51.1%","±1.1","25.9%","±0.3","31.5%","±1.1","55.3%","±5.8","30.0%","±1.2","33.8%","±0.6","39.9%","±1.1","30.1%","±0.7"
"POVERTY STATUS IN THE PAST 12 MONTHS","","","","","","","","","","","","","","","","","","","","","","","","","","","","","","","","","","","","","","","","","","","","","","","","","","","","","","","","","","","","","","","","","","","","","","","","","","","","","","","","","","","","","","","","","","","","","","","","","","","","","","","","","","","","","","","","","","","","","","","","","","","","","","","","","","","","","","","","","","","","","","","","","","","","","","","","","","","","","","","","","","","","","","","","","","","","","","","","","","","","","","","","","","","","","","","","","","","","","","","","","","","","","","","","","","","","","","","","","","","","","","","","","","","","","","","","","","","","","","","","","","","","","","","","","","","","","","","","","","","","","","","","","","","","","","","","","","","","","","","","","","","","","","","","","","","","","","","","","","","","","","","","","","","","","","","",""
"    Below poverty level","18.2%","±0.4","58.0%","±1.5","10.8%","±0.4","8.0%","±0.8","39.2%","±4.3","4.6%","±0.6","15.9%","±0.4","50.7%","±1.4","10.5%","±0.4","18.8%","±0.6","59.6%","±2.0","11.4%","±0.6","15.0%","±0.1","51.8%","±0.8","11.2%","±0.1","12.0%","±0.4","48.6%","±1.8","8.5%","±0.3","10.5%","±0.4","44.2%","±2.1","5.8%","±0.3","11.1%","±0.9","41.6%","±3.9","6.3%","±0.7","16.7%","±1.0","54.1%","±3.9","9.7%","±0.9","15.6%","±0.3","46.9%","±0.9","10.0%","±0.2","17.4%","±0.3","51.8%","±1.1","10.7%","±0.3","10.4%","±0.7","38.9%","±3.5","6.8%","±0.7","14.7%","±0.8","46.1%","±3.0","10.0%","±0.8","14.0%","±0.2","51.1%","±0.9","8.2%","±0.2","14.9%","±0.3","55.7%","±1.3","8.8%","±0.3","12.4%","±0.5","47.1%","±1.9","7.6%","±0.4","13.4%","±0.5","56.0%","±2.4","8.5%","±0.5","18.7%","±0.4","59.6%","±1.6","10.0%","±0.4","19.0%","±0.4","55.1%","±1.4","11.5%","±0.4","14.2%","±0.6","47.9%","±2.5","6.8%","±0.5","9.7%","±0.3","41.3%","±1.8","5.8%","±0.3","12.1%","±0.3","46.0%","±1.6","7.0%","±0.3","15.8%","±0.2","53.6%","±0.9","8.2%","±0.2","10.9%","±0.3","51.3%","±1.6","6.8%","±0.2","22.6%","±0.7","60.4%","±1.8","13.5%","±0.6","15.2%","±0.4","54.3%","±1.5","8.9%","±0.3","15.6%","±1.0","59.9%","±4.2","10.3%","±0.8","12.5%","±0.5","54.8%","±3.3","8.2%","±0.5","13.9%","±0.5","46.2%","±2.2","9.5%","±0.5","8.8%","±0.7","43.7%","±4.2","5.5%","±0.5","11.1%","±0.3","48.8%","±1.4","7.1%","±0.2","19.6%","±0.7","55.5%","±2.2","12.4%","±0.7","15.0%","±0.2","50.5%","±0.8","8.4%","±0.2","16.3%","±0.3","53.8%","±1.1","9.8%","±0.3","12.2%","±0.8","53.9%","±5.6","8.8%","±0.7","15.2%","±0.3","55.2%","±1.0","7.9%","±0.2","15.9%","±0.3","53.7%","±1.5","9.5%","±0.3","15.1%","±0.5","44.9%","±1.5","7.7%","±0.4","13.1%","±0.3","52.0%","±0.9","7.6%","±0.2","14.0%","±0.8","47.2%","±2.9","7.6%","±0.7","17.5%","±0.4","55.7%","±1.7","10.5%","±0.4","12.9%","±0.7","51.2%","±4.0","7.4%","±0.7","16.6%","±0.4","54.9%","±1.3","8.7%","±0.3","15.7%","±0.2","51.8%","±0.8","9.9%","±0.2","11.9%","±0.5","46.2%","±2.8","8.5%","±0.5","12.6%","±0.9","45.6%","±4.0","6.9%","±0.7","11.2%","±0.3","47.8%","±1.5","7.2%","±0.3","12.9%","±0.4","45.9%","±1.4","7.2%","±0.3","18.1%","±0.6","60.1%","±1.9","10.0%","±0.6","12.9%","±0.3","47.4%","±1.4","7.6%","±0.2","10.9%","±1.0","46.1%","±6.2","8.7%","±1.0","45.3%","±0.6","79.9%","±0.8","24.4%","±0.9"
"DISABILITY STATUS","","","","","","","","","","","","","","","","","","","","","","","","","","","","","","","","","","","","","","","","","","","","","","","","","","","","","","","","","","","","","","","","","","","","","","","","","","","","","","","","","","","","","","","","","","","","","","","","","","","","","","","","","","","","","","","","","","","","","","","","","","","","","","","","","","","","","","","","","","","","","","","","","","","","","","","","","","","","","","","","","","","","","","","","","","","","","","","","","","","","","","","","","","","","","","","","","","","","","","","","","","","","","","","","","","","","","","","","","","","","","","","","","","","","","","","","","","","","","","","","","","","","","","","","","","","","","","","","","","","","","","","","","","","","","","","","","","","","","","","","","","","","","","","","","","","","","","","","","","","","","","","","","","","","","","","",""
"    With one or more people with a disability","30.8%","±0.5","45.5%","±1.5","28.0%","±0.5","23.7%","±1.3","46.1%","±4.0","21.3%","±1.3","24.9%","±0.4","38.1%","±1.4","22.8%","±0.4","32.9%","±0.6","49.4%","±1.8","29.9%","±0.6","23.5%","±0.2","35.3%","±0.8","22.3%","±0.2","22.0%","±0.4","40.9%","±1.9","20.2%","±0.4","21.6%","±0.5","41.8%","±1.8","18.8%","±0.5","25.1%","±1.0","38.7%","±3.5","22.9%","±1.2","18.7%","±1.2","45.4%","±3.8","13.7%","±1.1","26.0%","±0.2","40.1%","±0.8","23.4%","±0.2","25.2%","±0.3","41.6%","±1.1","22.0%","±0.4","25.1%","±0.7","45.2%","±2.6","22.5%","±0.8","27.3%","±0.8","43.1%","±3.0","24.9%","±0.9","23.0%","±0.3","39.5%","±1.0","20.4%","±0.3","27.4%","±0.4","46.6%","±1.4","24.5%","±0.4","23.3%","±0.5","42.0%","±1.9","20.7%","±0.5","25.2%","±0.5","44.6%","±2.5","23.0%","±0.5","32.0%","±0.6","51.0%","±1.5","28.0%","±0.5","28.8%","±0.5","44.8%","±1.2","25.5%","±0.5","29.4%","±0.8","51.6%","±2.4","24.6%","±0.8","22.1%","±0.4","41.0%","±1.8","19.8%","±0.4","24.3%","±0.4","50.6%","±1.3","20.4%","±0.4","28.0%","±0.3","48.1%","±0.9","24.0%","±0.3","21.4%","±0.4","44.4%","±1.6","19.1%","±0.3","32.6%","±0.7","44.1%","±1.5","29.8%","±0.8","27.5%","±0.4","47.7%","±1.4","24.2%","±0.4","26.7%","±0.9","44.2%","±3.8","24.6%","±0.8","22.9%","±0.6","40.9%","±3.1","21.1%","±0.6","26.0%","±0.7","45.0%","±2.3","23.4%","±0.7","25.8%","±0.9","50.0%","±3.9","23.5%","±0.9","23.1%","±0.4","43.1%","±1.5","21.0%","±0.4","30.2%","±0.7","42.5%","±1.9","27.7%","±0.8","23.0%","±0.2","43.2%","±0.7","19.2%","±0.3","26.6%","±0.3","45.0%","±1.0","23.4%","±0.3","21.1%","±0.8","44.6%","±4.7","19.2%","±0.8","26.6%","±0.3","47.1%","±1.0","22.8%","±0.3","30.6%","±0.5","48.8%","±1.4","27.5%","±0.5","28.2%","±0.5","45.1%","±1.3","24.0%","±0.5","26.2%","±0.2","48.9%","±0.9","22.9%","±0.3","24.9%","±1.1","44.1%","±3.0","21.2%","±1.1","28.3%","±0.5","43.8%","±1.4","25.5%","±0.5","25.2%","±0.9","48.7%","±3.8","21.8%","±0.9","29.4%","±0.4","48.2%","±1.2","25.5%","±0.4","25.0%","±0.3","41.2%","±0.7","22.3%","±0.3","23.1%","±0.6","41.4%","±2.8","21.3%","±0.6","26.4%","±1.1","50.8%","±4.0","22.1%","±1.1","22.8%","±0.3","43.8%","±1.4","20.5%","±0.3","25.6%","±0.4","45.9%","±1.1","22.1%","±0.4","36.3%","±0.8","53.1%","±2.4","33.0%","±0.9","23.9%","±0.4","43.7%","±1.2","20.9%","±0.4","23.9%","±1.2","44.2%","±6.2","22.6%","±1.3","40.7%","±0.7","49.4%","±1.3","35.5%","±0.9"
"RACE AND HISPANIC OR LATINO ORIGIN OF HOUSEHOLDER","","","","","","","","","","","","","","","","","","","","","","","","","","","","","","","","","","","","","","","","","","","","","","","","","","","","","","","","","","","","","","","","","","","","","","","","","","","","","","","","","","","","","","","","","","","","","","","","","","","","","","","","","","","","","","","","","","","","","","","","","","","","","","","","","","","","","","","","","","","","","","","","","","","","","","","","","","","","","","","","","","","","","","","","","","","","","","","","","","","","","","","","","","","","","","","","","","","","","","","","","","","","","","","","","","","","","","","","","","","","","","","","","","","","","","","","","","","","","","","","","","","","","","","","","","","","","","","","","","","","","","","","","","","","","","","","","","","","","","","","","","","","","","","","","","","","","","","","","","","","","","","","","","","","","","","",""
"    One race","N","N","N","N","N","N","95.0%","±0.8","93.5%","±2.3","95.2%","±0.8","98.1%","±0.2","97.6%","±0.4","98.2%","±0.2","N","N","N","N","N","N","97.0%","±0.1","96.3%","±0.3","97.1%","±0.1","97.5%","±0.2","95.4%","±0.8","97.7%","±0.2","N","N","N","N","N","N","N","N","N","N","N","N","N","N","N","N","N","N","98.5%","±0.1","98.1%","±0.2","98.6%","±0.1","98.7%","±0.1","98.5%","±0.3","98.7%","±0.1","84.7%","±0.8","77.1%","±3.3","85.7%","±0.9","98.4%","±0.3","96.6%","±1.1","98.7%","±0.3","98.7%","±0.1","98.0%","±0.3","98.8%","±0.1","N","N","N","N","N","N","N","N","N","N","N","N","98.3%","±0.2","96.1%","±0.9","98.6%","±0.2","N","N","N","N","N","N","N","N","N","N","N","N","N","N","N","N","N","N","N","N","N","N","N","N","98.2%","±0.1","95.6%","±0.6","98.5%","±0.1","98.5%","±0.1","97.1%","±0.3","98.8%","±0.1","98.7%","±0.1","96.1%","±0.6","98.9%","±0.1","N","N","N","N","N","N","98.6%","±0.1","97.3%","±0.5","98.8%","±0.1","N","N","N","N","N","N","N","N","N","N","N","N","97.3%","±0.2","96.7%","±0.8","97.4%","±0.3","N","N","N","N","N","N","N","N","N","N","N","N","97.8%","±0.3","98.2%","±0.6","97.8%","±0.3","98.1%","±0.1","97.2%","±0.2","98.3%","±0.1","98.7%","±0.1","97.6%","±0.3","98.8%","±0.1","N","N","N","N","N","N","98.6%","±0.1","97.3%","±0.3","98.9%","±0.1","94.7%","±0.2","92.1%","±0.6","95.2%","±0.2","97.2%","±0.2","95.7%","±0.6","97.6%","±0.2","98.8%","±0.1","97.3%","±0.4","99.1%","±0.1","N","N","N","N","N","N","N","N","N","N","N","N","N","N","N","N","N","N","98.8%","±0.1","97.8%","±0.4","98.9%","±0.1","98.2%","±0.1","97.8%","±0.2","98.3%","±0.1","98.8%","±0.2","98.0%","±0.7","98.8%","±0.2","N","N","N","N","N","N","98.1%","±0.1","97.6%","±0.5","98.2%","±0.1","96.9%","±0.2","95.4%","±0.5","97.2%","±0.2","N","N","N","N","N","N","98.9%","±0.1","97.6%","±0.4","99.1%","±0.1","N","N","N","N","N","N","N","N","N","N","N","N"
"        White","70.9%","±0.3","46.3%","±1.3","75.4%","±0.4","74.8%","±0.9","45.4%","±4.0","78.0%","±1.1","83.6%","±0.3","71.8%","±1.3","85.4%","±0.3","80.6%","±0.3","64.4%","±1.6","83.5%","±0.5","67.2%","±0.1","57.7%","±0.8","68.2%","±0.1","87.1%","±0.3","73.5%","±1.7","88.4%","±0.3","81.2%","±0.4","61.0%","±1.9","84.1%","±0.5","72.8%","±0.7","51.5%","±4.1","76.2%","±0.9","45.1%","±1.1","7.0%","±2.0","52.2%","±1.3","80.5%","±0.2","67.1%","±0.6","82.9%","±0.2","63.4%","±0.3","42.1%","±1.0","67.6%","±0.3","33.8%","±0.6","26.0%","±2.9","34.8%","±0.7","93.4%","±0.4","86.6%","±2.3","94.5%","±0.5","76.8%","±0.2","51.1%","±1.0","80.8%","±0.3","86.4%","±0.2","69.8%","±1.2","88.9%","±0.2","93.8%","±0.3","84.9%","±1.4","95.1%","±0.3","88.3%","±0.3","74.6%","±1.9","89.8%","±0.3","89.3%","±0.3","82.4%","±1.0","90.8%","±0.3","66.0%","±0.4","38.3%","±1.4","71.8%","±0.4","96.5%","±0.2","94.3%","±0.9","97.0%","±0.3","61.4%","±0.3","36.9%","±1.4","64.5%","±0.4","83.6%","±0.2","64.9%","±1.3","86.3%","±0.3","81.7%","±0.2","63.5%","±0.8","85.4%","±0.2","89.2%","±0.2","66.0%","±1.6","91.5%","±0.2","62.4%","±0.4","34.5%","±1.5","69.1%","±0.6","85.0%","±0.2","69.3%","±1.3","87.6%","±0.3","92.6%","±0.4","81.8%","±2.3","93.9%","±0.4","90.7%","±0.4","77.4%","±2.2","92.1%","±0.4","74.3%","±0.6","59.0%","±2.3","76.3%","±0.7","95.1%","±0.4","90.6%","±2.2","95.5%","±0.4","72.0%","±0.3","48.9%","±1.3","74.4%","±0.3","79.9%","±0.7","72.1%","±2.1","81.4%","±0.8","69.9%","±0.2","46.5%","±0.7","74.3%","±0.2","72.8%","±0.3","49.5%","±1.0","76.8%","±0.3","92.0%","±0.5","71.1%","±4.7","93.8%","±0.6","84.2%","±0.2","66.4%","±0.9","87.4%","±0.2","77.7%","±0.3","63.6%","±1.3","80.1%","±0.4","89.2%","±0.3","84.5%","±1.0","90.4%","±0.4","84.9%","±0.2","64.8%","±1.1","87.8%","±0.2","84.8%","±0.7","68.0%","±2.9","87.9%","±0.8","70.1%","±0.4","46.4%","±1.5","74.5%","±0.5","90.3%","±0.6","67.4%","±2.8","93.5%","±0.6","80.2%","±0.3","65.5%","±1.0","83.3%","±0.3","76.7%","±0.2","66.1%","±0.7","78.4%","±0.2","90.8%","±0.4","82.9%","±2.2","91.6%","±0.4","96.8%","±0.4","96.2%","±1.2","96.9%","±0.4","73.2%","±0.3","50.4%","±1.5","75.7%","±0.3","82.8%","±0.3","73.4%","±1.0","84.4%","±0.3","95.2%","±0.3","92.3%","±1.2","95.8%","±0.4","89.9%","±0.2","71.8%","±1.1","92.7%","±0.2","93.3%","±0.9","84.0%","±5.1","93.9%","±1.0","71.5%","±0.5","69.1%","±1.0","72.9%","±0.7"
"        Black or African American","25.8%","±0.3","50.5%","±1.2","21.2%","±0.4","3.1%","±0.5","2.9%","±2.0","3.1%","±0.5","4.0%","±0.2","6.7%","±0.7","3.6%","±0.2","15.0%","±0.3","30.7%","±1.4","12.2%","±0.4","6.4%","±0.1","12.5%","±0.5","5.8%","±0.1","3.6%","±0.1","8.4%","±1.0","3.1%","±0.2","9.4%","±0.3","23.3%","±1.6","7.5%","±0.3","19.5%","±0.7","36.6%","±4.1","16.8%","±0.8","45.5%","±1.2","88.5%","±2.3","37.5%","±1.4","13.8%","±0.1","26.7%","±0.6","11.5%","±0.2","30.2%","±0.2","51.3%","±1.1","26.1%","±0.3","2.4%","±0.3","1.1%","±0.9","2.5%","±0.3","0.6%","±0.2","1.1%","±0.7","0.5%","±0.2","13.6%","±0.2","35.9%","±0.9","10.1%","±0.2","9.0%","±0.2","23.4%","±1.2","6.8%","±0.2","2.7%","±0.2","9.7%","±1.1","1.7%","±0.2","5.7%","±0.2","15.7%","±1.7","4.6%","±0.3","7.8%","±0.2","14.1%","±0.9","6.5%","±0.3","30.3%","±0.4","57.6%","±1.4","24.6%","±0.4","0.7%","±0.1","1.8%","±0.6","0.4%","±0.1","29.1%","±0.2","54.3%","±1.6","26.0%","±0.3","6.2%","±0.2","14.4%","±1.0","5.0%","±0.2","13.4%","±0.2","30.4%","±0.8","10.0%","±0.2","4.4%","±0.1","19.0%","±1.3","2.9%","±0.1","35.3%","±0.5","62.8%","±1.6","28.7%","±0.6","10.9%","±0.2","24.9%","±1.3","8.7%","±0.2","0.3%","±0.1","0.6%","±0.6","0.3%","±0.1","4.4%","±0.2","14.2%","±1.9","3.5%","±0.3","8.3%","±0.3","18.5%","±1.9","7.0%","±0.3","1.1%","±0.2","2.8%","±1.5","0.9%","±0.3","13.4%","±0.2","30.6%","±1.3","11.6%","±0.2","2.1%","±0.2","2.5%","±0.7","2.0%","±0.2","14.6%","±0.1","27.6%","±0.6","12.1%","±0.2","20.9%","±0.2","41.7%","±1.0","17.3%","±0.3","1.1%","±0.3","6.4%","±3.1","0.7%","±0.2","12.2%","±0.1","28.9%","±0.9","9.1%","±0.2","7.1%","±0.2","15.5%","±1.1","5.7%","±0.3","1.6%","±0.1","3.2%","±0.5","1.2%","±0.1","10.0%","±0.1","25.2%","±0.9","7.8%","±0.2","5.3%","±0.5","11.3%","±2.1","4.2%","±0.6","26.4%","±0.3","49.9%","±1.5","22.1%","±0.4","0.9%","±0.2","0.6%","±0.5","0.9%","±0.3","16.1%","±0.2","29.7%","±0.9","13.2%","±0.3","12.4%","±0.1","21.5%","±0.6","11.0%","±0.2","1.0%","±0.1","2.8%","±0.9","0.8%","±0.2","0.6%","±0.2","0.7%","±0.6","0.6%","±0.2","18.6%","±0.2","41.4%","±1.2","16.0%","±0.2","3.5%","±0.1","7.4%","±0.7","2.9%","±0.1","2.8%","±0.3","4.5%","±0.9","2.4%","±0.3","5.4%","±0.1","19.1%","±0.9","3.3%","±0.2","N","N","N","N","N","N","8.5%","±0.4","8.7%","±0.6","8.3%","±0.4"
"        American Indian and Alaska Native","0.5%","±0.1","0.7%","±0.2","0.5%","±0.1","11.6%","±0.6","37.4%","±3.7","8.8%","±0.7","3.2%","±0.1","8.3%","±0.6","2.4%","±0.1","0.6%","±0.1","0.7%","±0.3","0.6%","±0.1","0.7%","±0.1","1.2%","±0.1","0.7%","±0.1","0.8%","±0.1","1.8%","±0.6","0.7%","±0.1","0.2%","±0.1","0.4%","±0.3","0.1%","±0.1","0.4%","±0.2","1.4%","±1.0","0.3%","±0.1","N","N","N","N","N","N","0.2%","±0.1","0.3%","±0.1","0.2%","±0.1","0.2%","±0.1","0.4%","±0.1","0.2%","±0.1","0.1%","±0.1","0.3%","±0.3","0.1%","±0.1","1.0%","±0.2","3.2%","±1.0","0.7%","±0.1","0.2%","±0.1","0.6%","±0.2","0.2%","±0.1","0.2%","±0.1","0.4%","±0.1","0.2%","±0.1","0.2%","±0.1","0.4%","±0.2","0.2%","±0.1","0.8%","±0.1","1.2%","±0.4","0.8%","±0.1","0.2%","±0.1","0.1%","±0.1","0.2%","±0.1","0.6%","±0.1","0.9%","±0.3","0.5%","±0.1","0.6%","±0.2","1.1%","±0.3","0.5%","±0.2","0.3%","±0.1","0.7%","±0.3","0.2%","±0.1","0.2%","±0.1","0.6%","±0.3","0.1%","±0.1","0.5%","±0.1","0.9%","±0.2","0.5%","±0.1","0.9%","±0.1","3.5%","±0.5","0.7%","±0.1","0.3%","±0.1","0.6%","±0.3","0.2%","±0.1","0.4%","±0.1","1.0%","±0.3","0.3%","±0.1","4.5%","±0.3","13.8%","±2.1","3.4%","±0.3","0.6%","±0.1","1.7%","±0.5","0.5%","±0.1","0.9%","±0.1","1.9%","±0.4","0.8%","±0.1","0.2%","±0.1","0.5%","±0.5","0.2%","±0.1","0.2%","±0.1","0.6%","±0.2","0.1%","±0.1","6.5%","±0.3","10.7%","±1.0","5.7%","±0.4","0.3%","±0.1","0.7%","±0.1","0.3%","±0.1","1.0%","±0.1","2.1%","±0.2","0.8%","±0.1","4.1%","±0.4","16.1%","±2.9","3.2%","±0.4","0.2%","±0.1","0.3%","±0.1","0.2%","±0.1","6.5%","±0.2","9.7%","±0.8","5.9%","±0.2","1.0%","±0.1","1.6%","±0.4","0.8%","±0.1","0.2%","±0.1","0.3%","±0.1","0.1%","±0.1","0.6%","±0.2","1.8%","±1.0","0.4%","±0.2","0.3%","±0.1","0.5%","±0.2","0.2%","±0.1","5.8%","±0.4","24.9%","±2.6","3.1%","±0.3","0.3%","±0.1","0.3%","±0.2","0.2%","±0.1","0.4%","±0.1","0.5%","±0.1","0.4%","±0.1","0.9%","±0.1","2.4%","±0.7","0.7%","±0.1","0.2%","±0.1","0.6%","±0.4","0.2%","±0.1","0.2%","±0.1","0.3%","±0.2","0.2%","±0.1","1.2%","±0.1","2.4%","±0.4","1.0%","±0.1","0.1%","±0.1","0.2%","±0.2","0.1%","±0.1","0.7%","±0.1","1.7%","±0.3","0.6%","±0.1","1.5%","±0.4","5.5%","±1.7","1.3%","±0.4","0.4%","±0.1","0.4%","±0.1","0.4%","±0.1"
"        Asian","1.0%","±0.1","0.4%","±0.2","1.1%","±0.1","3.8%","±0.4","3.8%","±1.6","3.8%","±0.5","2.6%","±0.1","1.5%","±0.3","2.8%","±0.1","1.0%","±0.1","0.3%","±0.2","1.2%","±0.1","12.9%","±0.1","6.8%","±0.4","13.5%","±0.1","2.4%","±0.1","2.1%","±0.5","2.4%","±0.1","3.5%","±0.1","1.2%","±0.4","3.9%","±0.2","3.5%","±0.3","0.8%","±0.7","3.9%","±0.3","3.7%","±0.4","0.9%","±0.6","4.2%","±0.5","2.1%","±0.1","1.1%","±0.2","2.3%","±0.1","2.9%","±0.1","1.4%","±0.2","3.2%","±0.1","39.8%","±0.7","29.9%","±3.0","41.1%","±0.8","1.4%","±0.2","1.4%","±0.9","1.4%","±0.2","4.3%","±0.1","2.5%","±0.4","4.6%","±0.1","1.5%","±0.1","0.6%","±0.2","1.7%","±0.1","1.6%","±0.1","1.1%","±0.4","1.7%","±0.1","2.1%","±0.1","1.7%","±0.5","2.1%","±0.1","1.0%","±0.1","0.6%","±0.2","1.1%","±0.1","1.3%","±0.1","0.7%","±0.2","1.4%","±0.1","0.8%","±0.1","0.6%","±0.3","0.8%","±0.1","5.1%","±0.2","2.5%","±0.5","5.5%","±0.2","4.8%","±0.1","4.5%","±0.5","4.8%","±0.1","2.1%","±0.1","1.0%","±0.1","2.3%","±0.1","3.1%","±0.1","5.3%","±0.7","2.9%","±0.1","0.8%","±0.1","0.4%","±0.2","0.9%","±0.1","1.4%","±0.1","0.6%","±0.2","1.5%","±0.1","0.6%","±0.1","0.1%","±0.1","0.6%","±0.2","1.6%","±0.1","2.4%","±0.8","1.5%","±0.1","6.5%","±0.2","3.4%","±0.8","6.9%","±0.3","1.9%","±0.2","1.5%","±1.1","2.0%","±0.2","7.9%","±0.1","3.9%","±0.5","8.3%","±0.1","1.2%","±0.2","0.7%","±0.4","1.3%","±0.2","6.7%","±0.1","6.3%","±0.3","6.8%","±0.1","1.9%","±0.1","0.9%","±0.2","2.1%","±0.1","1.0%","±0.3","2.7%","±1.7","0.8%","±0.3","1.5%","±0.1","0.6%","±0.1","1.6%","±0.1","1.4%","±0.1","1.0%","±0.3","1.4%","±0.1","3.3%","±0.2","2.6%","±0.4","3.4%","±0.2","2.4%","±0.1","2.0%","±0.3","2.4%","±0.1","2.5%","±0.3","2.3%","±1.1","2.5%","±0.3","1.1%","±0.1","0.5%","±0.3","1.2%","±0.1","0.7%","±0.2","1.0%","±0.7","0.6%","±0.2","1.2%","±0.1","0.5%","±0.2","1.4%","±0.1","3.8%","±0.1","1.9%","±0.2","4.1%","±0.1","2.1%","±0.2","2.2%","±0.8","2.1%","±0.2","0.8%","±0.2","0.0%","±0.3","1.0%","±0.2","4.7%","±0.1","2.8%","±0.5","4.9%","±0.1","6.5%","±0.2","5.5%","±0.7","6.7%","±0.2","0.4%","±0.1","0.1%","±0.1","0.5%","±0.1","1.7%","±0.1","2.3%","±0.4","1.6%","±0.1","N","N","N","N","N","N","0.4%","±0.1","0.5%","±0.2","0.3%","±0.1"
"        Native Hawaiian and Other Pacific Islander","N","N","N","N","N","N","0.7%","±0.2","3.2%","±1.6","0.5%","±0.3","0.1%","±0.1","0.3%","±0.1","0.1%","±0.1","N","N","N","N","N","N","0.3%","±0.1","0.4%","±0.1","0.3%","±0.1","0.1%","±0.1","0.2%","±0.1","0.1%","±0.1","N","N","N","N","N","N","N","N","N","N","N","N","N","N","N","N","N","N","0.0%","±0.1","0.0%","±0.1","0.0%","±0.1","0.0%","±0.1","0.0%","±0.1","0.0%","±0.1","7.7%","±0.5","18.4%","±2.3","6.3%","±0.5","0.1%","±0.1","0.1%","±0.1","0.1%","±0.1","0.0%","±0.1","0.0%","±0.1","0.0%","±0.1","N","N","N","N","N","N","N","N","N","N","N","N","0.0%","±0.1","0.1%","±0.1","0.0%","±0.1","N","N","N","N","N","N","N","N","N","N","N","N","N","N","N","N","N","N","N","N","N","N","N","N","0.0%","±0.1","0.1%","±0.1","0.0%","±0.1","0.0%","±0.1","0.0%","±0.1","0.0%","±0.1","0.0%","±0.1","0.1%","±0.1","0.0%","±0.1","N","N","N","N","N","N","0.1%","±0.1","0.2%","±0.1","0.1%","±0.1","N","N","N","N","N","N","N","N","N","N","N","N","0.5%","±0.1","1.0%","±0.4","0.4%","±0.1","N","N","N","N","N","N","N","N","N","N","N","N","0.1%","±0.1","0.1%","±0.1","0.1%","±0.1","0.0%","±0.1","0.1%","±0.1","0.0%","±0.1","0.0%","±0.1","0.0%","±0.1","0.0%","±0.1","N","N","N","N","N","N","0.0%","±0.1","0.0%","±0.1","0.0%","±0.1","0.1%","±0.1","0.0%","±0.1","0.1%","±0.1","0.3%","±0.1","0.5%","±0.3","0.2%","±0.1","0.0%","±0.1","0.0%","±0.1","0.0%","±0.1","N","N","N","N","N","N","N","N","N","N","N","N","N","N","N","N","N","N","0.0%","±0.1","0.0%","±0.1","0.0%","±0.1","0.1%","±0.1","0.1%","±0.1","0.1%","±0.1","0.5%","±0.1","1.7%","±0.7","0.4%","±0.1","N","N","N","N","N","N","0.0%","±0.1","0.1%","±0.1","0.0%","±0.1","0.4%","±0.1","0.8%","±0.2","0.3%","±0.1","N","N","N","N","N","N","0.0%","±0.1","0.1%","±0.1","0.0%","±0.1","N","N","N","N","N","N","N","N","N","N","N","N"
"        Some other race","0.7%","±0.1","0.6%","±0.2","0.8%","±0.1","1.0%","±0.3","0.9%","±0.7","1.0%","±0.3","4.5%","±0.2","9.1%","±0.8","3.8%","±0.2","1.3%","±0.2","1.8%","±0.6","1.2%","±0.2","9.5%","±0.1","17.6%","±0.5","8.6%","±0.1","3.6%","±0.2","9.5%","±1.2","3.0%","±0.2","4.1%","±0.3","10.5%","±1.2","3.2%","±0.3","2.1%","±0.4","4.8%","±1.7","1.7%","±0.5","2.7%","±0.6","2.6%","±1.3","2.8%","±0.7","1.8%","±0.1","2.9%","±0.3","1.6%","±0.1","1.9%","±0.1","3.3%","±0.5","1.6%","±0.1","1.0%","±0.2","1.3%","±0.8","0.9%","±0.2","1.9%","±0.3","4.2%","±1.4","1.6%","±0.3","3.8%","±0.1","7.9%","±0.5","3.1%","±0.1","1.7%","±0.1","3.9%","±0.6","1.4%","±0.1","0.8%","±0.1","1.9%","±0.6","0.7%","±0.1","1.4%","±0.2","2.8%","±0.7","1.3%","±0.2","0.5%","±0.1","0.8%","±0.2","0.5%","±0.1","0.7%","±0.1","0.8%","±0.3","0.7%","±0.1","0.1%","±0.1","0.3%","±0.2","0.1%","±0.1","2.3%","±0.2","3.3%","±0.7","2.1%","±0.2","3.4%","±0.2","11.3%","±1.0","2.3%","±0.2","0.7%","±0.1","1.3%","±0.2","0.6%","±0.1","1.0%","±0.1","2.2%","±0.5","0.9%","±0.1","0.5%","±0.1","0.7%","±0.3","0.5%","±0.1","0.7%","±0.1","1.3%","±0.3","0.7%","±0.1","0.3%","±0.2","0.8%","±1.0","0.3%","±0.2","1.4%","±0.2","2.2%","±1.0","1.3%","±0.2","6.8%","±0.4","12.9%","±1.7","5.9%","±0.4","0.5%","±0.2","2.0%","±1.2","0.4%","±0.2","5.1%","±0.2","12.8%","±1.1","4.3%","±0.2","8.2%","±0.5","12.0%","±1.6","7.4%","±0.6","6.6%","±0.1","16.1%","±0.6","4.8%","±0.1","2.0%","±0.1","3.4%","±0.4","1.8%","±0.1","0.5%","±0.2","1.2%","±1.1","0.4%","±0.2","0.6%","±0.1","1.0%","±0.2","0.5%","±0.1","1.9%","±0.1","2.2%","±0.4","1.9%","±0.2","2.0%","±0.2","3.3%","±0.6","1.6%","±0.2","1.4%","±0.1","4.8%","±0.5","0.9%","±0.1","5.5%","±0.6","14.6%","±2.3","3.7%","±0.6","1.0%","±0.1","1.3%","±0.4","1.0%","±0.1","0.5%","±0.2","0.6%","±0.6","0.5%","±0.2","1.0%","±0.1","1.7%","±0.4","0.8%","±0.1","4.9%","±0.1","7.8%","±0.4","4.4%","±0.1","3.5%","±0.3","5.9%","±1.5","3.2%","±0.3","N","N","N","N","N","N","1.4%","±0.1","2.6%","±0.5","1.3%","±0.1","2.5%","±0.2","5.8%","±0.6","1.9%","±0.2","0.2%","±0.1","0.3%","±0.3","0.1%","±0.1","1.1%","±0.1","2.7%","±0.5","0.9%","±0.1","1.7%","±0.5","7.7%","±5.0","1.3%","±0.4","10.6%","±0.4","12.4%","±0.8","9.6%","±0.4"
"    Two or more races","1.1%","±0.1","1.5%","±0.3","1.0%","±0.1","5.0%","±0.8","6.5%","±2.3","4.8%","±0.8","1.9%","±0.2","2.4%","±0.4","1.8%","±0.2","1.4%","±0.1","2.1%","±0.5","1.3%","±0.2","3.0%","±0.1","3.7%","±0.3","2.9%","±0.1","2.5%","±0.2","4.6%","±0.8","2.3%","±0.2","1.5%","±0.1","3.6%","±0.8","1.2%","±0.1","1.6%","±0.4","4.8%","±1.9","1.1%","±0.4","2.7%","±0.6","0.8%","±0.6","3.1%","±0.7","1.5%","±0.1","1.9%","±0.2","1.4%","±0.1","1.3%","±0.1","1.5%","±0.3","1.3%","±0.1","15.3%","±0.8","22.9%","±3.3","14.3%","±0.9","1.6%","±0.3","3.4%","±1.1","1.3%","±0.3","1.3%","±0.1","2.0%","±0.3","1.2%","±0.1","1.2%","±0.1","1.8%","±0.4","1.1%","±0.1","0.8%","±0.1","1.8%","±0.5","0.7%","±0.1","1.7%","±0.2","3.9%","±0.9","1.4%","±0.2","1.1%","±0.1","2.0%","±0.4","0.9%","±0.1","1.1%","±0.1","1.7%","±0.4","1.0%","±0.1","1.2%","±0.2","1.7%","±0.5","1.1%","±0.2","1.8%","±0.1","2.4%","±0.5","1.7%","±0.2","1.8%","±0.1","4.4%","±0.6","1.5%","±0.1","1.5%","±0.1","2.9%","±0.3","1.2%","±0.1","1.3%","±0.1","3.9%","±0.6","1.1%","±0.1","0.7%","±0.1","1.0%","±0.4","0.6%","±0.1","1.4%","±0.1","2.7%","±0.5","1.2%","±0.1","1.6%","±0.3","2.9%","±1.3","1.5%","±0.3","1.2%","±0.2","2.1%","±0.9","1.1%","±0.2","2.7%","±0.2","3.3%","±0.8","2.6%","±0.3","1.1%","±0.2","2.4%","±1.0","1.0%","±0.2","1.4%","±0.1","3.3%","±0.5","1.3%","±0.1","2.2%","±0.3","1.8%","±0.6","2.2%","±0.3","1.9%","±0.1","2.8%","±0.2","1.7%","±0.1","1.3%","±0.1","2.4%","±0.3","1.2%","±0.1","1.2%","±0.3","2.5%","±1.4","1.1%","±0.3","1.4%","±0.1","2.7%","±0.3","1.1%","±0.1","5.3%","±0.2","7.9%","±0.6","4.8%","±0.2","2.8%","±0.2","4.3%","±0.6","2.4%","±0.2","1.2%","±0.1","2.7%","±0.4","0.9%","±0.1","1.4%","±0.3","2.1%","±1.0","1.2%","±0.3","1.1%","±0.1","1.4%","±0.4","1.0%","±0.1","1.8%","±0.4","5.4%","±2.0","1.3%","±0.3","1.2%","±0.1","2.2%","±0.4","1.1%","±0.1","1.8%","±0.1","2.2%","±0.2","1.7%","±0.1","1.2%","±0.2","2.0%","±0.7","1.2%","±0.2","1.3%","±0.3","2.4%","±1.0","1.2%","±0.3","1.9%","±0.1","2.4%","±0.5","1.8%","±0.1","3.1%","±0.2","4.6%","±0.5","2.8%","±0.2","1.2%","±0.2","2.5%","±0.7","0.9%","±0.2","1.1%","±0.1","2.4%","±0.4","0.9%","±0.1","1.5%","±0.5","2.4%","±2.2","1.5%","±0.6","8.6%","±0.4","8.8%","±0.7","8.5%","±0.5"
"Hispanic or Latino origin (of any race)","2.6%","±0.2","2.8%","±0.5","2.5%","±0.2","5.3%","±0.5","4.7%","±2.6","5.3%","±0.6","21.9%","±0.3","41.3%","±1.3","18.9%","±0.3","4.2%","±0.2","5.2%","±0.9","4.0%","±0.3","28.1%","±0.1","51.0%","±0.7","25.7%","±0.1","15.4%","±0.3","35.3%","±1.7","13.6%","±0.3","11.3%","±0.3","30.6%","±1.7","8.6%","±0.3","6.2%","±0.4","16.5%","±2.3","4.5%","±0.6","8.4%","±0.6","7.2%","±2.3","8.7%","±0.8","18.8%","±0.2","32.4%","±0.7","16.4%","±0.2","6.3%","±0.1","9.4%","±0.6","5.7%","±0.2","6.9%","±0.5","11.7%","±2.3","6.3%","±0.5","7.9%","±0.4","16.2%","±2.1","6.7%","±0.4","11.1%","±0.2","19.2%","±0.8","9.8%","±0.2","4.4%","±0.1","7.2%","±0.7","4.0%","±0.2","3.5%","±0.2","7.4%","±1.0","2.9%","±0.2","7.8%","±0.2","13.6%","±1.6","7.1%","±0.3","2.0%","±0.1","3.1%","±0.4","1.8%","±0.2","3.6%","±0.1","3.4%","±0.5","3.6%","±0.2","0.9%","±0.2","1.5%","±0.7","0.8%","±0.2","6.3%","±0.2","7.4%","±0.8","6.2%","±0.2","8.2%","±0.2","25.8%","±1.1","5.6%","±0.2","3.2%","±0.1","5.3%","±0.4","2.7%","±0.1","2.9%","±0.1","5.7%","±0.7","2.7%","±0.1","1.8%","±0.2","1.8%","±0.5","1.8%","±0.2","2.5%","±0.1","3.5%","±0.5","2.3%","±0.1","1.9%","±0.3","4.8%","±1.8","1.6%","±0.3","6.1%","±0.3","13.9%","±2.2","5.3%","±0.4","19.8%","±0.4","29.6%","±2.2","18.5%","±0.5","2.1%","±0.2","4.8%","±1.6","1.8%","±0.3","15.1%","±0.2","35.6%","±1.3","13.0%","±0.2","40.5%","±0.6","60.5%","±2.0","36.5%","±0.8","14.6%","±0.1","30.8%","±0.7","11.6%","±0.2","5.7%","±0.1","8.4%","±0.7","5.2%","±0.2","1.8%","±0.3","5.1%","±3.0","1.5%","±0.3","2.3%","±0.1","4.1%","±0.3","2.0%","±0.1","6.3%","±0.2","8.5%","±0.8","5.9%","±0.2","8.0%","±0.2","14.3%","±0.9","6.4%","±0.3","4.4%","±0.1","12.7%","±0.6","3.2%","±0.1","10.0%","±0.4","26.4%","±2.6","6.9%","±0.7","3.6%","±0.1","4.7%","±0.7","3.4%","±0.2","2.1%","±0.3","4.4%","±1.5","1.8%","±0.3","3.0%","±0.1","4.7%","±0.5","2.7%","±0.2","30.1%","±0.1","50.4%","±0.7","26.7%","±0.2","10.1%","±0.3","17.7%","±2.0","9.4%","±0.3","1.1%","±0.2","0.8%","±0.5","1.2%","±0.3","5.9%","±0.2","8.1%","±0.8","5.7%","±0.2","8.0%","±0.2","16.3%","±0.9","6.5%","±0.2","0.9%","±0.1","1.1%","±0.4","0.8%","±0.2","4.1%","±0.1","10.5%","±0.8","3.2%","±0.1","6.6%","±0.6","15.8%","±4.8","6.1%","±0.6","98.9%","±0.2","99.4%","±0.2","98.6%","±0.2"
"White alone, not Hispanic or Latino","69.2%","±0.3","44.4%","±1.4","73.8%","±0.4","71.5%","±0.9","43.3%","±4.4","74.6%","±1.1","67.2%","±0.3","41.3%","±1.3","71.2%","±0.4","77.8%","±0.4","61.2%","±1.7","80.9%","±0.5","50.0%","±0.1","26.7%","±0.7","52.4%","±0.1","76.3%","±0.3","50.8%","±1.8","78.7%","±0.3","74.9%","±0.3","44.3%","±1.6","79.2%","±0.4","69.5%","±0.7","43.1%","±3.8","73.7%","±0.9","40.5%","±0.8","3.2%","±1.1","47.5%","±1.0","64.3%","±0.2","39.3%","±0.7","68.8%","±0.2","59.4%","±0.3","36.5%","±1.0","63.8%","±0.4","31.2%","±0.6","22.0%","±2.9","32.4%","±0.7","87.9%","±0.5","76.1%","±2.6","89.6%","±0.5","69.9%","±0.2","40.7%","±1.0","74.5%","±0.3","83.9%","±0.2","66.7%","±1.2","86.5%","±0.3","91.3%","±0.3","79.7%","±1.6","92.9%","±0.3","82.3%","±0.3","65.0%","±1.8","84.2%","±0.4","88.0%","±0.3","80.5%","±1.0","89.6%","±0.3","63.4%","±0.4","35.9%","±1.4","69.1%","±0.5","95.8%","±0.3","93.2%","±1.2","96.3%","±0.3","58.0%","±0.3","34.0%","±1.4","61.0%","±0.3","79.6%","±0.2","53.6%","±1.3","83.4%","±0.3","79.5%","±0.2","60.2%","±0.7","83.5%","±0.2","87.4%","±0.2","63.1%","±1.5","89.8%","±0.2","61.2%","±0.4","33.5%","±1.5","67.9%","±0.6","83.4%","±0.2","67.3%","±1.3","86.0%","±0.3","91.3%","±0.4","78.7%","±2.7","92.8%","±0.5","86.3%","±0.5","66.4%","±2.7","88.3%","±0.5","62.2%","±0.4","43.6%","±2.2","64.6%","±0.6","93.7%","±0.4","88.4%","±2.4","94.2%","±0.5","63.0%","±0.2","29.9%","±1.1","66.5%","±0.3","48.9%","±0.6","25.1%","±1.9","53.6%","±0.8","63.4%","±0.1","35.6%","±0.7","68.7%","±0.2","69.5%","±0.2","45.2%","±0.9","73.7%","±0.3","90.8%","±0.5","67.3%","±4.9","92.8%","±0.6","82.6%","±0.2","63.8%","±0.9","86.0%","±0.2","73.9%","±0.3","58.8%","±1.4","76.5%","±0.4","83.7%","±0.3","74.3%","±1.2","86.0%","±0.4","82.4%","±0.2","58.9%","±1.0","85.8%","±0.2","80.6%","±0.7","57.6%","±3.0","84.9%","±1.0","67.8%","±0.4","43.6%","±1.5","72.3%","±0.5","89.0%","±0.5","64.9%","±2.8","92.5%","±0.6","78.3%","±0.3","62.6%","±1.0","81.5%","±0.3","52.3%","±0.1","24.8%","±0.6","56.8%","±0.2","84.5%","±0.3","72.1%","±2.4","85.7%","±0.4","95.9%","±0.4","95.5%","±1.3","96.0%","±0.5","69.2%","±0.3","45.6%","±1.4","71.8%","±0.3","77.9%","±0.3","64.1%","±1.1","80.3%","±0.3","94.5%","±0.3","91.4%","±1.3","95.1%","±0.4","87.1%","±0.2","64.7%","±1.0","90.6%","±0.2","88.9%","±0.9","76.8%","±4.9","89.6%","±1.0","0.7%","±0.1","0.3%","±0.1","0.9%","±0.2"
"HOUSEHOLD INCOME IN THE PAST 12 MONTHS (IN 2013 INFLATION-ADJUSTED DOLLARS)","","","","","","","","","","","","","","","","","","","","","","","","","","","","","","","","","","","","","","","","","","","","","","","","","","","","","","","","","","","","","","","","","","","","","","","","","","","","","","","","","","","","","","","","","","","","","","","","","","","","","","","","","","","","","","","","","","","","","","","","","","","","","","","","","","","","","","","","","","","","","","","","","","","","","","","","","","","","","","","","","","","","","","","","","","","","","","","","","","","","","","","","","","","","","","","","","","","","","","","","","","","","","","","","","","","","","","","","","","","","","","","","","","","","","","","","","","","","","","","","","","","","","","","","","","","","","","","","","","","","","","","","","","","","","","","","","","","","","","","","","","","","","","","","","","","","","","","","","","","","","","","","","","","","","","","",""
"    Median income (dollars)","42,849","±641","15,917","±668","49,608","±635","72,237","±1,892","24,784","±2,674","77,662","±2,593","48,510","±587","21,745","±594","53,006","±627","40,511","±710","16,445","±498","46,356","±790","60,190","±255","23,625","±456","64,992","±363","58,823","±808","21,776","±782","62,954","±656","67,098","±1,058","19,712","±812","75,840","±1,049","57,846","±1,876","25,469","±2,061","63,757","±1,672","67,572","±3,383","16,132","±1,911","81,959","±3,252","46,036","±310","21,414","±367","51,448","±293","47,829","±628","19,674","±551","54,956","±628","68,020","±1,523","28,314","±1,945","72,223","±1,598","46,783","±930","21,556","±1,191","50,885","±850","56,210","±403","19,820","±530","62,969","±528","47,529","±516","17,334","±463","52,487","±525","52,229","±533","21,580","±1,199","57,412","±685","50,972","±609","19,045","±1,522","55,566","±714","43,399","±650","15,324","±536","50,951","±472","44,164","±869","16,837","±553","51,557","±528","46,974","±797","18,447","±1,039","54,819","±1,032","72,483","±718","25,717","±1,173","79,687","±976","66,768","±715","18,578","±691","75,541","±731","48,273","±378","17,360","±334","55,750","±391","60,702","±432","18,452","±797","65,424","±556","37,963","±1,029","15,601","±713","45,808","±795","46,931","±427","17,551","±596","52,271","±335","46,972","±1,140","15,800","±1,446","51,377","±954","51,440","±493","18,745","±1,453","55,285","±620","51,230","±589","21,172","±1,299","55,773","±787","64,230","±1,347","21,611","±3,432","68,089","±1,594","70,165","±546","19,769","±870","76,630","±577","43,872","±950","18,456","±917","51,323","±810","57,369","±431","17,955","±403","66,839","±414","45,906","±424","17,811","±528","51,889","±386","55,759","±1,452","18,928","±2,135","59,936","±1,680","48,081","±406","16,477","±388","55,151","±391","45,690","±534","18,245","±808","51,287","±496","50,251","±532","22,851","±875","59,297","±802","52,007","±256","17,367","±412","58,328","±464","55,902","±1,902","18,533","±1,397","65,495","±2,427","44,163","±659","17,107","±604","50,702","±524","48,947","±1,091","18,870","±2,665","53,565","±1,354","44,297","±501","17,526","±578","51,391","±413","51,704","±238","21,235","±322","58,451","±446","59,770","±762","25,143","±1,516","62,767","±771","52,578","±1,561","17,640","±1,585","59,933","±1,627","62,666","±665","20,097","±835","68,712","±847","58,405","±671","22,320","±573","66,016","±590","41,253","±746","14,978","±807","47,518","±977","51,467","±370","19,609","±597","57,778","±582","58,752","±1,796","21,364","±2,416","60,966","±925","19,183","±313","8,504","±235","29,135","±686"
"WORK STATUS","","","","","","","","","","","","","","","","","","","","","","","","","","","","","","","","","","","","","","","","","","","","","","","","","","","","","","","","","","","","","","","","","","","","","","","","","","","","","","","","","","","","","","","","","","","","","","","","","","","","","","","","","","","","","","","","","","","","","","","","","","","","","","","","","","","","","","","","","","","","","","","","","","","","","","","","","","","","","","","","","","","","","","","","","","","","","","","","","","","","","","","","","","","","","","","","","","","","","","","","","","","","","","","","","","","","","","","","","","","","","","","","","","","","","","","","","","","","","","","","","","","","","","","","","","","","","","","","","","","","","","","","","","","","","","","","","","","","","","","","","","","","","","","","","","","","","","","","","","","","","","","","","","","","","","","",""
"    Families","1,222,568","±14,007","200,308","±6,029","1,022,260","±12,589","165,431","±3,617","16,055","±1,585","149,376","±3,677","1,572,310","±12,708","246,882","±7,184","1,325,428","±12,206","751,124","±10,710","119,974","±5,212","631,150","±9,548","8,645,970","±31,516","1,012,744","±16,673","7,633,226","±30,962","1,279,941","±10,970","121,381","±5,677","1,158,560","±11,550","890,293","±9,252","104,543","±4,463","785,750","±8,974","228,364","±4,558","34,576","±2,727","193,788","±4,635","120,467","±4,214","28,867","±2,160","91,600","±3,691","4,626,388","±25,285","780,551","±14,011","3,845,837","±25,418","2,389,803","±16,893","431,115","±10,526","1,958,688","±14,801","311,203","±4,720","38,514","±2,912","272,689","±4,734","410,061","±6,537","54,344","±4,200","355,717","±6,433","3,128,369","±16,865","458,604","±9,024","2,669,765","±17,901","1,647,941","±12,570","229,262","±7,819","1,418,679","±13,411","793,749","±7,802","99,015","±4,720","694,734","±7,873","735,596","±7,493","76,863","±3,122","658,733","±7,523","1,139,596","±10,907","200,965","±5,721","938,631","±10,157","1,129,437","±12,269","208,726","±6,932","920,711","±10,537","338,609","±6,098","56,163","±3,429","282,446","±5,694","1,443,796","±11,656","172,727","±6,260","1,271,069","±12,719","1,620,802","±11,444","203,937","±6,544","1,416,865","±13,330","2,484,558","±15,688","426,921","±9,457","2,057,637","±15,668","1,372,189","±10,600","126,202","±4,944","1,245,987","±10,846","745,079","±9,844","158,535","±6,260","586,544","±9,194","1,523,085","±12,213","225,797","±7,743","1,297,288","±11,134","256,091","±4,820","27,608","±2,384","228,483","±4,564","475,000","±5,447","45,016","±3,182","429,984","±6,148","639,825","±9,575","82,777","±4,785","557,048","±8,826","347,272","±6,740","28,936","±2,970","318,336","±6,143","2,207,108","±15,690","217,714","±8,207","1,989,394","±14,958","482,570","±8,454","90,419","±4,667","392,151","±7,843","4,584,095","±23,648","747,370","±12,787","3,836,725","±22,695","2,474,802","±16,886","393,829","±8,590","2,080,973","±17,127","180,213","±4,276","13,565","±1,476","166,648","±4,220","2,923,404","±17,892","465,246","±9,629","2,458,158","±18,516","956,517","±8,198","145,545","±4,806","810,972","±7,968","961,197","±8,560","197,389","±6,406","763,808","±8,143","3,152,234","±16,466","398,169","±9,548","2,754,065","±16,466","259,863","±5,566","43,056","±3,329","216,807","±5,758","1,195,104","±11,860","204,499","±7,390","990,605","±11,472","213,838","±4,685","26,964","±2,311","186,874","±4,147","1,658,071","±14,416","300,768","±8,417","1,357,303","±14,320","6,322,542","±26,601","1,026,433","±18,690","5,296,109","±30,024","677,332","±6,098","62,895","±3,468","614,437","±6,080","155,933","±3,601","21,594","±1,839","134,339","±3,555","2,049,184","±16,114","220,082","±8,163","1,829,102","±14,570","1,705,112","±13,920","258,905","±7,723","1,446,207","±13,103","479,389","±7,296","79,845","±4,310","399,544","±6,937","1,458,482","±10,630","196,351","±5,567","1,262,131","±10,749","148,556","±4,206","8,556","±1,243","140,000","±4,197","895,080","±9,229","346,058","±7,361","549,022","±9,381"
"        No workers in past 12 months","18.9%","±0.5","26.8%","±1.5","17.3%","±0.5","7.4%","±0.8","14.9%","±3.0","6.6%","±0.8","19.9%","±0.5","21.4%","±1.4","19.6%","±0.5","18.9%","±0.7","27.0%","±2.2","17.3%","±0.7","13.5%","±0.2","21.0%","±0.8","12.5%","±0.2","11.5%","±0.4","15.0%","±1.6","11.1%","±0.4","12.4%","±0.4","24.8%","±2.3","10.7%","±0.4","16.3%","±0.9","17.8%","±3.3","16.0%","±1.0","15.0%","±1.7","33.9%","±4.6","9.0%","±1.5","20.8%","±0.3","22.2%","±0.9","20.5%","±0.3","15.2%","±0.3","23.0%","±0.9","13.4%","±0.4","12.3%","±0.8","17.8%","±3.3","11.6%","±0.8","14.5%","±0.7","13.2%","±2.3","14.6%","±0.7","13.3%","±0.3","20.3%","±1.0","12.1%","±0.2","14.9%","±0.4","23.4%","±1.4","13.6%","±0.4","13.3%","±0.5","16.2%","±1.7","12.9%","±0.5","12.3%","±0.5","19.8%","±2.4","11.4%","±0.4","19.3%","±0.5","31.7%","±1.8","16.7%","±0.5","15.9%","±0.5","27.2%","±1.7","13.4%","±0.5","16.6%","±0.8","26.2%","±2.7","14.6%","±0.8","10.8%","±0.4","18.2%","±1.3","9.8%","±0.3","12.7%","±0.4","26.1%","±1.6","10.8%","±0.3","18.1%","±0.3","24.3%","±1.0","16.8%","±0.2","12.1%","±0.3","18.3%","±1.4","11.5%","±0.3","19.2%","±0.8","26.7%","±2.2","17.2%","±0.8","15.9%","±0.4","23.2%","±1.5","14.6%","±0.4","15.1%","±0.9","17.5%","±3.7","14.8%","±0.9","11.1%","±0.5","15.8%","±2.3","10.6%","±0.5","14.9%","±0.6","22.2%","±1.9","13.8%","±0.6","12.5%","±0.8","20.0%","±4.9","11.8%","±0.7","12.4%","±0.3","24.0%","±1.4","11.1%","±0.3","18.0%","±0.7","21.8%","±2.2","17.1%","±0.7","14.1%","±0.2","25.8%","±0.7","11.8%","±0.2","16.5%","±0.3","23.0%","±1.1","15.2%","±0.3","10.7%","±0.8","17.3%","±5.6","10.2%","±0.7","15.7%","±0.3","24.8%","±1.0","13.9%","±0.2","15.8%","±0.4","23.1%","±1.5","14.4%","±0.4","17.0%","±0.5","18.7%","±1.5","16.5%","±0.5","15.6%","±0.3","26.7%","±1.1","14.0%","±0.2","14.0%","±1.0","22.9%","±3.5","12.2%","±0.9","17.9%","±0.5","24.5%","±1.6","16.6%","±0.5","12.1%","±0.7","18.2%","±2.9","11.3%","±0.7","16.8%","±0.4","24.5%","±1.3","15.1%","±0.4","11.8%","±0.2","17.0%","±0.7","10.8%","±0.2","10.1%","±0.5","12.5%","±2.1","9.8%","±0.5","15.0%","±1.1","29.1%","±4.6","12.7%","±0.9","12.9%","±0.3","21.3%","±1.4","11.9%","±0.3","14.7%","±0.4","19.1%","±1.3","13.9%","±0.4","23.1%","±0.8","33.5%","±2.6","21.1%","±0.9","14.0%","±0.3","18.4%","±1.4","13.3%","±0.3","11.2%","±1.0","11.6%","±4.5","11.2%","±1.0","36.3%","±0.7","54.0%","±1.2","25.2%","±0.9"
"        1 worker in past 12 months","36.3%","±0.6","49.7%","±1.9","33.6%","±0.7","30.2%","±1.7","44.7%","±5.5","28.6%","±1.7","35.9%","±0.6","49.1%","±1.9","33.5%","±0.6","35.8%","±0.9","49.9%","±2.4","33.2%","±0.9","34.5%","±0.3","45.8%","±0.8","33.0%","±0.3","33.6%","±0.7","50.3%","±2.4","31.8%","±0.7","31.3%","±0.8","46.5%","±2.6","29.3%","±0.8","32.6%","±1.6","50.3%","±4.5","29.5%","±1.8","36.9%","±2.1","45.3%","±5.1","34.2%","±2.4","34.1%","±0.4","45.7%","±1.2","31.8%","±0.4","36.6%","±0.5","48.6%","±1.1","34.0%","±0.5","29.8%","±1.3","37.4%","±3.4","28.7%","±1.3","33.7%","±1.3","47.0%","±3.6","31.6%","±1.4","32.4%","±0.3","48.0%","±1.3","29.8%","±0.3","33.5%","±0.6","50.4%","±1.8","30.8%","±0.6","28.2%","±0.7","50.2%","±2.5","25.0%","±0.7","31.6%","±0.7","48.7%","±3.0","29.6%","±0.8","34.0%","±0.7","46.2%","±1.9","31.3%","±0.7","37.7%","±0.6","48.0%","±1.9","35.4%","±0.7","31.7%","±1.1","46.3%","±3.2","28.8%","±1.2","31.2%","±0.6","46.6%","±2.3","29.1%","±0.7","29.2%","±0.5","45.5%","±1.7","26.8%","±0.6","33.4%","±0.4","50.0%","±1.1","30.0%","±0.4","27.1%","±0.5","52.8%","±2.3","24.5%","±0.5","37.0%","±0.9","50.5%","±2.2","33.4%","±1.0","32.9%","±0.7","50.7%","±1.7","29.8%","±0.7","31.3%","±1.3","53.1%","±4.6","28.7%","±1.4","28.9%","±0.9","55.2%","±3.5","26.1%","±0.8","35.9%","±1.0","48.2%","±2.3","34.1%","±1.0","30.2%","±1.2","46.0%","±5.6","28.8%","±1.2","32.5%","±0.5","47.4%","±1.7","30.9%","±0.6","38.2%","±1.1","50.6%","±3.0","35.3%","±1.2","33.7%","±0.3","44.4%","±1.0","31.7%","±0.3","35.0%","±0.5","50.8%","±1.2","32.0%","±0.5","27.0%","±1.4","49.7%","±6.3","25.2%","±1.4","33.5%","±0.4","50.3%","±1.1","30.3%","±0.4","35.3%","±0.7","49.1%","±1.7","32.8%","±0.7","32.9%","±0.8","44.6%","±2.1","29.9%","±0.8","31.6%","±0.4","46.8%","±1.2","29.4%","±0.4","33.1%","±1.4","50.3%","±4.1","29.7%","±1.5","36.3%","±0.7","50.8%","±1.7","33.3%","±0.8","27.4%","±1.2","50.3%","±4.0","24.1%","±1.2","35.2%","±0.6","48.0%","±1.5","32.4%","±0.7","36.3%","±0.3","50.4%","±0.9","33.5%","±0.3","32.4%","±0.8","48.0%","±2.8","30.8%","±0.8","27.5%","±1.4","43.1%","±4.3","25.0%","±1.4","32.2%","±0.5","47.0%","±1.8","30.4%","±0.5","33.8%","±0.5","46.9%","±1.7","31.5%","±0.5","36.0%","±1.0","46.4%","±2.7","33.9%","±1.1","29.6%","±0.5","53.7%","±1.5","25.8%","±0.5","29.1%","±1.8","51.9%","±6.5","27.7%","±1.8","37.2%","±0.7","35.1%","±1.3","38.4%","±1.0"
"        2 or more workers in past 12 months","44.9%","±0.6","23.5%","±1.5","49.1%","±0.7","62.5%","±1.8","40.4%","±5.2","64.8%","±1.8","44.2%","±0.5","29.6%","±1.4","46.9%","±0.5","45.3%","±0.9","23.0%","±1.9","49.5%","±0.9","52.0%","±0.3","33.2%","±0.8","54.5%","±0.3","55.0%","±0.6","34.7%","±2.4","57.1%","±0.7","56.3%","±0.7","28.7%","±2.3","60.0%","±0.7","51.1%","±1.5","31.9%","±4.3","54.5%","±1.7","48.2%","±2.1","20.9%","±3.2","56.8%","±2.5","45.1%","±0.4","32.1%","±1.0","47.7%","±0.4","48.2%","±0.4","28.4%","±1.2","52.6%","±0.5","57.9%","±1.4","44.8%","±3.8","59.7%","±1.5","51.9%","±1.4","39.8%","±3.7","53.7%","±1.5","54.2%","±0.3","31.7%","±1.2","58.1%","±0.3","51.5%","±0.6","26.2%","±1.4","55.6%","±0.6","58.6%","±0.8","33.6%","±2.3","62.1%","±0.8","56.2%","±0.8","31.5%","±2.9","59.1%","±0.8","46.7%","±0.6","22.1%","±1.3","52.0%","±0.6","46.4%","±0.6","24.8%","±1.7","51.3%","±0.7","51.7%","±1.2","27.6%","±2.9","56.6%","±1.2","58.0%","±0.7","35.2%","±2.4","61.1%","±0.7","58.1%","±0.6","28.4%","±1.8","62.4%","±0.6","48.5%","±0.4","25.6%","±0.9","53.2%","±0.4","60.8%","±0.5","28.8%","±1.8","64.0%","±0.5","43.7%","±0.9","22.8%","±2.1","49.4%","±1.0","51.2%","±0.6","26.1%","±1.7","55.6%","±0.7","53.6%","±1.2","29.4%","±4.1","56.5%","±1.3","60.0%","±0.9","29.0%","±3.0","63.3%","±0.9","49.2%","±0.9","29.6%","±2.3","52.1%","±0.9","57.3%","±1.3","33.9%","±5.2","59.4%","±1.2","55.1%","±0.5","28.5%","±1.6","58.0%","±0.5","43.8%","±1.1","27.5%","±2.8","47.5%","±1.1","52.2%","±0.4","29.8%","±0.9","56.5%","±0.4","48.5%","±0.5","26.2%","±1.1","52.7%","±0.5","62.2%","±1.5","33.0%","±5.8","64.6%","±1.5","50.9%","±0.4","24.8%","±1.0","55.8%","±0.5","49.0%","±0.7","27.8%","±1.6","52.8%","±0.7","50.1%","±0.9","36.7%","±2.2","53.6%","±0.9","52.9%","±0.4","26.5%","±1.0","56.7%","±0.4","52.8%","±1.6","26.8%","±3.8","58.0%","±1.7","45.8%","±0.8","24.7%","±1.5","50.1%","±0.9","60.5%","±1.2","31.4%","±3.7","64.6%","±1.3","48.0%","±0.6","27.5%","±1.4","52.5%","±0.7","51.9%","±0.3","32.6%","±0.9","55.7%","±0.3","57.5%","±0.8","39.5%","±2.9","59.3%","±0.9","57.5%","±1.4","27.8%","±4.3","62.3%","±1.4","54.9%","±0.5","31.7%","±1.7","57.7%","±0.5","51.5%","±0.6","34.1%","±1.7","54.6%","±0.6","40.9%","±1.0","20.1%","±2.2","45.0%","±1.0","56.4%","±0.5","27.9%","±1.4","60.8%","±0.6","59.7%","±1.9","36.4%","±7.1","61.1%","±1.8","26.5%","±0.7","10.9%","±0.8","36.4%","±1.0"
"PERCENT IMPUTED","","","","","","","","","","","","","","","","","","","","","","","","","","","","","","","","","","","","","","","","","","","","","","","","","","","","","","","","","","","","","","","","","","","","","","","","","","","","","","","","","","","","","","","","","","","","","","","","","","","","","","","","","","","","","","","","","","","","","","","","","","","","","","","","","","","","","","","","","","","","","","","","","","","","","","","","","","","","","","","","","","","","","","","","","","","","","","","","","","","","","","","","","","","","","","","","","","","","","","","","","","","","","","","","","","","","","","","","","","","","","","","","","","","","","","","","","","","","","","","","","","","","","","","","","","","","","","","","","","","","","","","","","","","","","","","","","","","","","","","","","","","","","","","","","","","","","","","","","","","","","","","","","","","","","","","",""
"    Food stamp/SNAP recipiency","2.8%","(X)","(X)","(X)","(X)","(X)","1.1%","(X)","(X)","(X)","(X)","(X)","1.7%","(X)","(X)","(X)","(X)","(X)","1.5%","(X)","(X)","(X)","(X)","(X)","1.4%","(X)","(X)","(X)","(X)","(X)","1.5%","(X)","(X)","(X)","(X)","(X)","1.3%","(X)","(X)","(X)","(X)","(X)","3.7%","(X)","(X)","(X)","(X)","(X)","1.7%","(X)","(X)","(X)","(X)","(X)","2.5%","(X)","(X)","(X)","(X)","(X)","1.8%","(X)","(X)","(X)","(X)","(X)","1.4%","(X)","(X)","(X)","(X)","(X)","1.7%","(X)","(X)","(X)","(X)","(X)","1.5%","(X)","(X)","(X)","(X)","(X)","1.2%","(X)","(X)","(X)","(X)","(X)","1.5%","(X)","(X)","(X)","(X)","(X)","1.3%","(X)","(X)","(X)","(X)","(X)","1.7%","(X)","(X)","(X)","(X)","(X)","1.4%","(X)","(X)","(X)","(X)","(X)","1.2%","(X)","(X)","(X)","(X)","(X)","2.9%","(X)","(X)","(X)","(X)","(X)","1.6%","(X)","(X)","(X)","(X)","(X)","1.9%","(X)","(X)","(X)","(X)","(X)","1.4%","(X)","(X)","(X)","(X)","(X)","1.5%","(X)","(X)","(X)","(X)","(X)","1.7%","(X)","(X)","(X)","(X)","(X)","1.4%","(X)","(X)","(X)","(X)","(X)","1.3%","(X)","(X)","(X)","(X)","(X)","1.5%","(X)","(X)","(X)","(X)","(X)","1.2%","(X)","(X)","(X)","(X)","(X)","1.3%","(X)","(X)","(X)","(X)","(X)","1.2%","(X)","(X)","(X)","(X)","(X)","1.9%","(X)","(X)","(X)","(X)","(X)","1.5%","(X)","(X)","(X)","(X)","(X)","1.5%","(X)","(X)","(X)","(X)","(X)","1.5%","(X)","(X)","(X)","(X)","(X)","2.1%","(X)","(X)","(X)","(X)","(X)","1.5%","(X)","(X)","(X)","(X)","(X)","1.8%","(X)","(X)","(X)","(X)","(X)","1.6%","(X)","(X)","(X)","(X)","(X)","2.2%","(X)","(X)","(X)","(X)","(X)","1.0%","(X)","(X)","(X)","(X)","(X)","1.5%","(X)","(X)","(X)","(X)","(X)","1.4%","(X)","(X)","(X)","(X)","(X)","1.2%","(X)","(X)","(X)","(X)","(X)","1.5%","(X)","(X)","(X)","(X)","(X)","1.6%","(X)","(X)","(X)","(X)","(X)","1.8%","(X)","(X)","(X)","(X)","(X)","1.3%","(X)","(X)","(X)","(X)","(X)","1.4%","(X)","(X)","(X)","(X)","(X)","1.3%","(X)","(X)","(X)","(X)","(X)","1.5%","(X)","(X)","(X)","(X)","(X)"